{"hidden_size_1": 4, "hidden_size_2": 8, "hidden_size_3": 4, "act_func": "LeakyReLU", "optimizer": "Adam", "loss": "SmoothL1Loss", "learning_rate": 0.03290774995374753, "momentum": 0.34742258287572425, "metric": 27.59364536830357}