{
    "params": {
        "hidden_layer1": 512,
        "hidden_layer2": 512,
        "hidden_layer3": 256,
        "hidden_layer4": 512,
        "hidden_layer5": 64,
        "hidden_layer6": 32,
        "hidden_layer7": 64,
        "hidden_layer8": 32,
        "hidden_layer9": 4,
        "hidden_layer10": 0,
        "act_func": "LeakyReLU",
        "learning_rate": 0.000793701,
        "optimizer": "Adam",
        "l1_lambda1": 0.001,
        "l2_lambda": 0,
        "dropout_prob": 0.018219
    },
    "alpha": 0.8926749172013513,
    "r2": {
        "R2": -0.012975914429957491,
        "R2_top_1000": -0.024183898272047033,
        "R2_bottom_1000": -0.009956681477846008
    },
    "Information Ratio": {
        "1.0": -0.257427232195941,
        "2.0": -0.20266261413697467,
        "3.0": -0.1912052057483165,
        "4.0": -0.10871838338572445,
        "5.0": -0.11119825347251779,
        "6.0": -0.12723353980582447,
        "7.0": -0.10638092493561986,
        "8.0": -0.08119267638278076,
        "9.0": -0.07767463055258574,
        "10.0": -0.0876523129227552,
        "l-s": 0.005975023644402649
    },
    "Regression-based Information Ratio": 0.267783086745661,
    "Sharpe Ratio": {
        "1.0": -0.4416882686141688,
        "2.0": -0.328293054449641,
        "3.0": -0.2755356282614343,
        "4.0": -0.1146578254534906,
        "5.0": -0.1261103516396446,
        "6.0": -0.15727211793041293,
        "7.0": -0.11872641401303971,
        "8.0": -0.06593323882875542,
        "9.0": -0.06054804759349629,
        "10.0": -0.07439326338702681,
        "l-s": 0.11215756893541573
    },
    "Others": "Think about adding other metrics (Max_DD, turnover, ...)"
}