{
    "params": {
        "hidden_layer1": 512,
        "hidden_layer2": 512,
        "hidden_layer3": 256,
        "hidden_layer4": 512,
        "hidden_layer5": 64,
        "hidden_layer6": 32,
        "hidden_layer7": 64,
        "hidden_layer8": 32,
        "hidden_layer9": 4,
        "hidden_layer10": 0,
        "act_func": "LeakyReLU",
        "learning_rate": 0.000680395,
        "optimizer": "Adam",
        "l1_lambda1": 0.001,
        "l2_lambda": 0,
        "dropout_prob": 0.018219
    },
    "alpha": 0.8203579279559993,
    "r2": {
        "R2": -0.012304628586026212,
        "R2_top_1000": -0.02280855632694756,
        "R2_bottom_1000": -0.010176674910427064
    },
    "Information Ratio": {
        "1.0": -0.26947812391296305,
        "2.0": -0.17415467174915367,
        "3.0": -0.1519990933426966,
        "4.0": -0.14488901948981345,
        "5.0": -0.14062532837584255,
        "6.0": -0.09771911221584093,
        "7.0": -0.08723814269793698,
        "8.0": -0.10558078793654711,
        "9.0": -0.09140209853385482,
        "10.0": -0.09772758521244483,
        "l-s": 0.003324259159594746
    },
    "Regression-based Information Ratio": 0.26489029683049997,
    "Sharpe Ratio": {
        "1.0": -0.48198135990648044,
        "2.0": -0.25083115412924306,
        "3.0": -0.20307269829989144,
        "4.0": -0.18974066669885595,
        "5.0": -0.1896257252558156,
        "6.0": -0.09737961718922886,
        "7.0": -0.07724439011604994,
        "8.0": -0.1164765780404512,
        "9.0": -0.08726581343312265,
        "10.0": -0.09434905925207228,
        "l-s": 0.11185435212164326
    },
    "Others": "Think about adding other metrics (Max_DD, turnover, ...)"
}