{
    "params": {
        "hidden_layer1": 512,
        "hidden_layer2": 512,
        "hidden_layer3": 256,
        "hidden_layer4": 512,
        "hidden_layer5": 64,
        "hidden_layer6": 32,
        "hidden_layer7": 64,
        "hidden_layer8": 32,
        "hidden_layer9": 4,
        "hidden_layer10": 0,
        "act_func": "LeakyReLU",
        "learning_rate": 0.00108006,
        "optimizer": "Adam",
        "l1_lambda1": 0.001,
        "l2_lambda": 0,
        "dropout_prob": 0.018219
    },
    "alpha": 0.9228993733628287,
    "r2": {
        "R2": -0.005982210283528966,
        "R2_top_1000": -0.015163610352584733,
        "R2_bottom_1000": -0.003711080374703135
    },
    "Information Ratio": {
        "1.0": -0.2478322607710715,
        "2.0": -0.19043290050096864,
        "3.0": -0.15101519430968877,
        "4.0": -0.1722721092053529,
        "5.0": -0.1243184080289501,
        "6.0": -0.10770292219292525,
        "7.0": -0.055520110552358476,
        "8.0": -0.1016876461795215,
        "9.0": -0.10232365388422561,
        "10.0": -0.08213266294586626,
        "l-s": -0.0012135718032772933
    },
    "Regression-based Information Ratio": 0.2671060340081147,
    "Sharpe Ratio": {
        "1.0": -0.4236284842913932,
        "2.0": -0.2878018314028767,
        "3.0": -0.20553164708606964,
        "4.0": -0.2330159763473721,
        "5.0": -0.14738693974535033,
        "6.0": -0.11648663465050552,
        "7.0": -0.013014278826757805,
        "8.0": -0.10731235459040767,
        "9.0": -0.11031725556079243,
        "10.0": -0.06318243883419443,
        "l-s": 0.0932529530088372
    },
    "Others": "Think about adding other metrics (Max_DD, turnover, ...)"
}