{
    "params": {
        "hidden_layer1": 512,
        "hidden_layer2": 512,
        "hidden_layer3": 256,
        "hidden_layer4": 512,
        "hidden_layer5": 64,
        "hidden_layer6": 32,
        "hidden_layer7": 64,
        "hidden_layer8": 32,
        "hidden_layer9": 4,
        "hidden_layer10": 0,
        "act_func": "LeakyReLU",
        "learning_rate": 0.001714488,
        "optimizer": "Adam",
        "l1_lambda1": 0.001,
        "l2_lambda": 0,
        "dropout_prob": 0.018219
    },
    "alpha": 1.0562053016025001,
    "r2": {
        "R2": -0.0034803182400291455,
        "R2_top_1000": -0.011522803907700663,
        "R2_bottom_1000": -0.0007124156775475399
    },
    "Information Ratio": {
        "1.0": -0.2578726322242913,
        "2.0": -0.21269178700016897,
        "3.0": -0.18148126966693984,
        "4.0": -0.1574458591483271,
        "5.0": -0.12118777173643183,
        "6.0": -0.08078546775608174,
        "7.0": -0.0882702302214586,
        "8.0": -0.097798849624334,
        "9.0": -0.08458518221558035,
        "10.0": -0.07558172689010828,
        "l-s": 0.029283871064139613
    },
    "Regression-based Information Ratio": 0.3009435015068603,
    "Sharpe Ratio": {
        "1.0": -0.4361196085649334,
        "2.0": -0.32805419822037507,
        "3.0": -0.2759131540081148,
        "4.0": -0.20321810145680677,
        "5.0": -0.13615243141870456,
        "6.0": -0.06510271680660358,
        "7.0": -0.07821567693049655,
        "8.0": -0.09936944676031279,
        "9.0": -0.07290547602615281,
        "10.0": -0.05300390042496515,
        "l-s": 0.14575079687267492
    },
    "Others": "Think about adding other metrics (Max_DD, turnover, ...)"
}