{
    "params": {
        "hidden_layer1": 512,
        "hidden_layer2": 512,
        "hidden_layer3": 256,
        "hidden_layer4": 512,
        "hidden_layer5": 64,
        "hidden_layer6": 32,
        "hidden_layer7": 64,
        "hidden_layer8": 32,
        "hidden_layer9": 4,
        "hidden_layer10": 0,
        "act_func": "LeakyReLU",
        "learning_rate": 0.000925875,
        "optimizer": "Adam",
        "l1_lambda1": 0.001,
        "l2_lambda": 0,
        "dropout_prob": 0.018219
    },
    "alpha": 1.052719388060011,
    "r2": {
        "R2": -0.009689231254602415,
        "R2_top_1000": -0.01886714542365575,
        "R2_bottom_1000": -0.00729242646025452
    },
    "Information Ratio": {
        "1.0": -0.274752615796058,
        "2.0": -0.16174674344675516,
        "3.0": -0.17029754323174853,
        "4.0": -0.140073015286534,
        "5.0": -0.12065302778967449,
        "6.0": -0.11125861370344783,
        "7.0": -0.10207197760196707,
        "8.0": -0.09769602806807035,
        "9.0": -0.10158814024499577,
        "10.0": -0.09271717171719057,
        "l-s": 0.01508412594106889
    },
    "Regression-based Information Ratio": 0.30237021681509996,
    "Sharpe Ratio": {
        "1.0": -0.49561645548700933,
        "2.0": -0.24079930045432385,
        "3.0": -0.23909955819809656,
        "4.0": -0.1728894475170545,
        "5.0": -0.14073446917020646,
        "6.0": -0.12354902037596997,
        "7.0": -0.110238536325417,
        "8.0": -0.09385026967706535,
        "9.0": -0.11107566641858894,
        "10.0": -0.08405325171944539,
        "l-s": 0.12376787034665691
    },
    "Others": "Think about adding other metrics (Max_DD, turnover, ...)"
}