{
    "params": {
        "hidden_layer1": 512,
        "hidden_layer2": 512,
        "hidden_layer3": 256,
        "hidden_layer4": 512,
        "hidden_layer5": 64,
        "hidden_layer6": 32,
        "hidden_layer7": 64,
        "hidden_layer8": 32,
        "hidden_layer9": 4,
        "hidden_layer10": 0,
        "act_func": "LeakyReLU",
        "learning_rate": 0.002,
        "optimizer": "Adam",
        "l1_lambda1": 0.001,
        "l2_lambda": 0,
        "dropout_prob": 0.018219
    },
    "alpha": 1.0235268906256447,
    "r2": {
        "R2": -0.00443230158000163,
        "R2_top_1000": -0.013319489610285284,
        "R2_bottom_1000": -0.0017508475006156043
    },
    "Information Ratio": {
        "1.0": -0.2550850863268304,
        "2.0": -0.21586954793207086,
        "3.0": -0.17745707206779737,
        "4.0": -0.1443983962041752,
        "5.0": -0.1080118656916087,
        "6.0": -0.09580862112962482,
        "7.0": -0.11872026397888585,
        "8.0": -0.08823986140413935,
        "9.0": -0.0654615867315659,
        "10.0": -0.060057225577113564,
        "l-s": 0.04504516551810926
    },
    "Regression-based Information Ratio": 0.25843262755860397,
    "Sharpe Ratio": {
        "1.0": -0.4152679496702176,
        "2.0": -0.32674544451683984,
        "3.0": -0.2530311480669539,
        "4.0": -0.19145445344883913,
        "5.0": -0.12340824239300247,
        "6.0": -0.096276692053428,
        "7.0": -0.13727049866259253,
        "8.0": -0.07953765078830306,
        "9.0": -0.03165898890763916,
        "10.0": -0.018815473515033963,
        "l-s": 0.16177054698876478
    },
    "Others": "Think about adding other metrics (Max_DD, turnover, ...)"
}