{
    "params": {
        "hidden_layer1": 512,
        "hidden_layer2": 512,
        "hidden_layer3": 256,
        "hidden_layer4": 512,
        "hidden_layer5": 64,
        "hidden_layer6": 32,
        "hidden_layer7": 64,
        "hidden_layer8": 32,
        "hidden_layer9": 4,
        "hidden_layer10": 0,
        "act_func": "LeakyReLU",
        "learning_rate": 0.000583265,
        "optimizer": "Adam",
        "l1_lambda1": 0.001,
        "l2_lambda": 0,
        "dropout_prob": 0.018219
    },
    "alpha": 0.8799549590415439,
    "r2": {
        "R2": -0.016974444811906242,
        "R2_top_1000": -0.030019449757498595,
        "R2_bottom_1000": -0.01494609902163524
    },
    "Information Ratio": {
        "1.0": -0.2798181720597918,
        "2.0": -0.21456780264821462,
        "3.0": -0.1581177374939844,
        "4.0": -0.0949910076150112,
        "5.0": -0.10178487052260365,
        "6.0": -0.10037355207077664,
        "7.0": -0.11151401858373426,
        "8.0": -0.10939897650865515,
        "9.0": -0.0983850252689735,
        "10.0": -0.1044982725163339,
        "l-s": 0.013465905392988491
    },
    "Regression-based Information Ratio": 0.2899066623855375,
    "Sharpe Ratio": {
        "1.0": -0.4938449297656686,
        "2.0": -0.33266671909073675,
        "3.0": -0.20947948817197443,
        "4.0": -0.08477013786299191,
        "5.0": -0.10691597365081823,
        "6.0": -0.10444774940241826,
        "7.0": -0.12496513095255982,
        "8.0": -0.12502100956370954,
        "9.0": -0.10213402340351818,
        "10.0": -0.10911868243876466,
        "l-s": 0.12901582413039867
    },
    "Others": "Think about adding other metrics (Max_DD, turnover, ...)"
}