{
    "params": {
        "hidden_layer1": 512,
        "hidden_layer2": 512,
        "hidden_layer3": 256,
        "hidden_layer4": 512,
        "hidden_layer5": 64,
        "hidden_layer6": 32,
        "hidden_layer7": 64,
        "hidden_layer8": 32,
        "hidden_layer9": 4,
        "hidden_layer10": 0,
        "act_func": "LeakyReLU",
        "learning_rate": 0.001469734,
        "optimizer": "Adam",
        "l1_lambda1": 0.001,
        "l2_lambda": 0,
        "dropout_prob": 0.018219
    },
    "alpha": 1.067217082695594,
    "r2": {
        "R2": -0.005303998699162316,
        "R2_top_1000": -0.014699979324926726,
        "R2_bottom_1000": -0.00234396575830198
    },
    "Information Ratio": {
        "1.0": -0.2517329008162478,
        "2.0": -0.21534236582837601,
        "3.0": -0.20101841054159061,
        "4.0": -0.1576443816246942,
        "5.0": -0.11017504806887839,
        "6.0": -0.09794351642995905,
        "7.0": -0.10411315130389362,
        "8.0": -0.10017126056761114,
        "9.0": -0.05001606122315844,
        "10.0": -0.06408311037762116,
        "l-s": 0.03549489862655986
    },
    "Regression-based Information Ratio": 0.314671351867279,
    "Sharpe Ratio": {
        "1.0": -0.42382402048273266,
        "2.0": -0.34214475926502746,
        "3.0": -0.29810083076124416,
        "4.0": -0.21091088763186008,
        "5.0": -0.12089465986414423,
        "6.0": -0.10282733937758648,
        "7.0": -0.10726708403091205,
        "8.0": -0.10054784888022164,
        "9.0": -0.004913511512741652,
        "10.0": -0.024360234220500265,
        "l-s": 0.1603944494259449
    },
    "Others": "Think about adding other metrics (Max_DD, turnover, ...)"
}