{
    "params": {
        "hidden_layer1": 512,
        "hidden_layer2": 512,
        "hidden_layer3": 256,
        "hidden_layer4": 512,
        "hidden_layer5": 64,
        "hidden_layer6": 32,
        "hidden_layer7": 64,
        "hidden_layer8": 32,
        "hidden_layer9": 4,
        "hidden_layer10": 0,
        "act_func": "LeakyReLU",
        "learning_rate": 0.001259921,
        "optimizer": "Adam",
        "l1_lambda1": 0.001,
        "l2_lambda": 0,
        "dropout_prob": 0.018219
    },
    "alpha": 1.2593319833686167,
    "r2": {
        "R2": -0.004937391620031706,
        "R2_top_1000": -0.014199384147767447,
        "R2_bottom_1000": -0.0025042714772720576
    },
    "Information Ratio": {
        "1.0": -0.2669777185413819,
        "2.0": -0.1882663148645353,
        "3.0": -0.1812543592580803,
        "4.0": -0.14472738886986566,
        "5.0": -0.11991175797018747,
        "6.0": -0.10066053851448847,
        "7.0": -0.070043542998216,
        "8.0": -0.09479093120059945,
        "9.0": -0.08585528918449419,
        "10.0": -0.07845869330431873,
        "l-s": 0.037555710162697105
    },
    "Regression-based Information Ratio": 0.3292171391550278,
    "Sharpe Ratio": {
        "1.0": -0.41967462948300444,
        "2.0": -0.2791755469654684,
        "3.0": -0.267467766803722,
        "4.0": -0.19573305797992802,
        "5.0": -0.14525561710753643,
        "6.0": -0.10114075031259376,
        "7.0": -0.04331177412156565,
        "8.0": -0.08918952891847792,
        "9.0": -0.07431218675656995,
        "10.0": -0.06019017340137199,
        "l-s": 0.15179983489979507
    },
    "Others": "Think about adding other metrics (Max_DD, turnover, ...)"
}