{
    "params": {
        "hidden_layer1": 512,
        "hidden_layer2": 512,
        "hidden_layer3": 256,
        "hidden_layer4": 512,
        "hidden_layer5": 64,
        "hidden_layer6": 32,
        "hidden_layer7": 64,
        "hidden_layer8": 32,
        "hidden_layer9": 4,
        "hidden_layer10": 0,
        "act_func": "LeakyReLU",
        "learning_rate": 0.0005,
        "optimizer": "Adam",
        "l1_lambda1": 0.001,
        "l2_lambda": 0,
        "dropout_prob": 0.018219
    },
    "alpha": 0.9607201168467885,
    "r2": {
        "R2": -0.01419585249925337,
        "R2_top_1000": -0.027826541453785936,
        "R2_bottom_1000": -0.011739280893994897
    },
    "Information Ratio": {
        "1.0": -0.2861827868619885,
        "2.0": -0.21858348170321562,
        "3.0": -0.15855860324540108,
        "4.0": -0.12448605707286677,
        "5.0": -0.13133283513508132,
        "6.0": -0.09945671519987159,
        "7.0": -0.09056998452421844,
        "8.0": -0.07920754453495082,
        "9.0": -0.09325456733910906,
        "10.0": -0.10524904104078243,
        "l-s": 0.0025740178367414388
    },
    "Regression-based Information Ratio": 0.2866816870241534,
    "Sharpe Ratio": {
        "1.0": -0.4714334360735515,
        "2.0": -0.3599382253665943,
        "3.0": -0.22661480892456842,
        "4.0": -0.13597776371731785,
        "5.0": -0.16961960506857537,
        "6.0": -0.09946641502872883,
        "7.0": -0.09000851574846247,
        "8.0": -0.06019198406433617,
        "9.0": -0.0889121007588636,
        "10.0": -0.1050879345229009,
        "l-s": 0.10314421049693066
    },
    "Others": "Think about adding other metrics (Max_DD, turnover, ...)"
}